DivisionNm,DivisionID,StateAb,PartyAb,Liberal/National Coalition Votes,Liberal/National Coalition Percentage,Australian Labor Party Votes,Australian Labor Party Percentage,TotalVotes,Swing,Population,0-17,18-34,35-49,50-64,65-79,80+,Couple without children,Couple with children,One parent family,Other family,Median weekly household income,Median weekly rent,Medain monthly mortgage repayments,Owned outright,Owned with a mortgage,Rented,Other tenure type,Tenure type not stated,Aboriginal/TSI,Overseas,Recent Migrant,LOTE spoken at home,Fully engaged,Partially engaged,At least partially engaged,Not engaged,Engagement status undertermined,Managers,Professionals,Technicians and Trades Workers,Community and Personal Service Workers,Clerical and Administrative Workers,Sales Workers,Machinery Operators and Drivers,Labourers,Inadequately described,Not stated,Year 12 equivalent,Cert III or higher,Preferred
Adelaide,179,SA,ALP,44819,41.82,62362,58.18,107181,0.12,188410,0.179,0.313,0.195,0.166,0.102,0.045,0.387,0.426,0.158,0.029,1298,300,1733,0.266,0.288,0.409,0.012,0.026,0.012,0.35,0.176,0.346,0.563,0.171,0.027,0.178,0.062,0.123,0.294,0.103,0.114,0.13,0.088,0.041,0.091,0.009,0.006,0.824,0.493,Labor
Aston,197,VIC,LP,60180,60.13,39910,39.87,100090,2.72,161813,0.215,0.234,0.205,0.193,0.115,0.038,0.331,0.506,0.149,0.013,1561,351,1733,0.341,0.425,0.197,0.014,0.022,0.005,0.302,0.088,0.252,0.568,0.192,0.031,0.171,0.038,0.12,0.209,0.152,0.101,0.157,0.109,0.055,0.081,0.009,0.007,0.797,0.493,Liberal
Ballarat,198,VIC,ALP,40068,39.02,62615,60.98,102683,-3.62,154461,0.231,0.22,0.189,0.188,0.13,0.042,0.394,0.416,0.177,0.014,1182,250,1400,0.336,0.356,0.273,0.008,0.028,0.013,0.105,0.03,0.053,0.491,0.203,0.037,0.205,0.064,0.118,0.202,0.15,0.122,0.127,0.099,0.062,0.103,0.009,0.007,0.686,0.451,Labor
Banks,103,NSW,LP,51609,56.26,40121,43.74,91730,4.82,164403,0.21,0.253,0.197,0.182,0.108,0.049,0.316,0.502,0.161,0.021,1598,420,2167,0.336,0.319,0.313,0.007,0.025,0.008,0.389,0.128,0.452,0.569,0.167,0.031,0.19,0.043,0.119,0.235,0.126,0.099,0.168,0.096,0.058,0.08,0.011,0.009,0.834,0.478,Liberal
Barker,180,SA,LP,72851,68.94,32815,31.06,105666,5.07,171058,0.221,0.187,0.183,0.21,0.15,0.049,0.459,0.383,0.146,0.011,1076,190,1157,0.357,0.339,0.262,0.015,0.027,0.025,0.109,0.032,0.057,0.469,0.21,0.041,0.209,0.071,0.171,0.12,0.135,0.103,0.104,0.092,0.079,0.181,0.008,0.007,0.579,0.349,Liberal
Barton,104,NSW,ALP,36489,40.59,53418,59.41,89907,-1.11,187865,0.184,0.32,0.202,0.155,0.097,0.043,0.357,0.468,0.15,0.025,1601,462,2167,0.302,0.289,0.372,0.006,0.03,0.007,0.492,0.192,0.591,0.581,0.155,0.03,0.175,0.059,0.115,0.244,0.119,0.1,0.145,0.098,0.057,0.1,0.011,0.01,0.839,0.48,Labor
Bass,192,TAS,LP,34648,50.41,34085,49.59,68733,5.83,104784,0.214,0.215,0.18,0.2,0.145,0.046,0.427,0.378,0.178,0.016,1033,220,1257,0.347,0.318,0.299,0.01,0.026,0.034,0.123,0.041,0.057,0.464,0.207,0.037,0.223,0.07,0.117,0.192,0.137,0.122,0.12,0.108,0.071,0.117,0.01,0.007,0.604,0.398,Liberal
Bean,318,ACT,ALP,39484,42.48,53455,57.52,92939,1.33,138303,0.231,0.225,0.209,0.192,0.113,0.031,0.362,0.471,0.154,0.013,2036,370,2000,0.312,0.422,0.239,0.007,0.021,0.021,0.221,0.066,0.168,0.603,0.16,0.04,0.146,0.052,0.15,0.267,0.111,0.105,0.187,0.07,0.03,0.054,0.02,0.005,0.783,0.538,Labor
Bendigo,200,VIC,ALP,41645,40.96,60016,59.04,101661,-5.17,150775,0.227,0.209,0.185,0.195,0.138,0.046,0.408,0.402,0.175,0.015,1179,250,1400,0.352,0.359,0.254,0.006,0.029,0.015,0.09,0.027,0.045,0.474,0.213,0.038,0.201,0.075,0.119,0.209,0.144,0.12,0.119,0.098,0.057,0.118,0.009,0.006,0.663,0.449,Labor
Bennelong,105,NSW,LP,54809,56.91,41496,43.09,96305,-2.81,181093,0.2,0.287,0.207,0.166,0.096,0.044,0.341,0.513,0.125,0.022,1817,462,2207,0.306,0.302,0.361,0.01,0.022,0.004,0.476,0.193,0.492,0.62,0.152,0.025,0.163,0.04,0.141,0.34,0.098,0.083,0.152,0.086,0.028,0.054,0.01,0.008,0.886,0.577,Liberal
Berowra,106,NSW,LP,61675,65.65,32272,34.35,93947,-0.8,151143,0.237,0.188,0.207,0.201,0.123,0.044,0.312,0.575,0.104,0.009,2256,532,2500,0.398,0.417,0.145,0.022,0.019,0.005,0.324,0.08,0.26,0.606,0.185,0.028,0.149,0.032,0.171,0.315,0.103,0.082,0.152,0.085,0.025,0.051,0.009,0.006,0.871,0.576,Liberal
Blair,304,QLD,ALP,46802,48.79,49123,51.21,95925,6.93,171503,0.268,0.242,0.192,0.17,0.1,0.028,0.35,0.431,0.203,0.015,1325,295,1530,0.256,0.352,0.362,0.005,0.025,0.044,0.15,0.053,0.069,0.494,0.167,0.034,0.233,0.072,0.097,0.143,0.153,0.128,0.14,0.094,0.095,0.132,0.011,0.007,0.679,0.406,Labor
Blaxland,107,NSW,ALP,28509,35.28,52299,64.72,80808,4.76,186933,0.246,0.294,0.185,0.156,0.085,0.033,0.251,0.538,0.187,0.023,1222,390,1950,0.279,0.285,0.392,0.006,0.038,0.006,0.495,0.181,0.684,0.469,0.149,0.03,0.284,0.068,0.082,0.161,0.161,0.107,0.135,0.098,0.095,0.132,0.014,0.015,0.761,0.354,Labor
Bonner,310,QLD,LNP,54072,57.41,40115,42.59,94187,4.02,158647,0.234,0.234,0.216,0.173,0.104,0.039,0.349,0.481,0.152,0.018,1742,400,2015,0.312,0.373,0.282,0.009,0.024,0.018,0.276,0.112,0.183,0.584,0.178,0.032,0.16,0.047,0.132,0.254,0.119,0.097,0.159,0.094,0.05,0.079,0.01,0.006,0.84,0.512,Liberal
Boothby,182,SA,LP,56812,51.38,53765,48.62,110577,-1.33,170797,0.191,0.231,0.19,0.188,0.136,0.065,0.407,0.422,0.15,0.021,1329,300,1733,0.339,0.328,0.289,0.019,0.024,0.009,0.243,0.098,0.166,0.551,0.205,0.032,0.167,0.044,0.126,0.287,0.112,0.125,0.14,0.092,0.03,0.075,0.008,0.005,0.828,0.516,Liberal
Bowman,155,QLD,LNP,59237,60.24,39102,39.76,98339,3.17,154617,0.231,0.197,0.195,0.201,0.134,0.042,0.394,0.441,0.153,0.011,1521,386,1950,0.318,0.398,0.245,0.016,0.023,0.023,0.226,0.067,0.066,0.547,0.192,0.034,0.186,0.041,0.124,0.172,0.159,0.109,0.16,0.1,0.063,0.098,0.009,0.006,0.773,0.471,Liberal
Braddon,193,TAS,LP,37151,53.09,32822,46.91,69973,4.82,104992,0.218,0.187,0.176,0.213,0.158,0.049,0.449,0.365,0.175,0.01,990,200,1170,0.368,0.314,0.281,0.007,0.03,0.073,0.086,0.016,0.024,0.429,0.209,0.042,0.258,0.063,0.122,0.137,0.15,0.12,0.113,0.103,0.085,0.151,0.011,0.007,0.486,0.367,Liberal
Bradfield,108,NSW,LP,63997,66.56,32146,33.44,96143,-4.48,169310,0.243,0.199,0.217,0.176,0.112,0.054,0.32,0.556,0.111,0.014,2341,550,2800,0.376,0.353,0.242,0.011,0.018,0.002,0.427,0.157,0.339,0.609,0.167,0.024,0.165,0.035,0.192,0.388,0.061,0.077,0.132,0.082,0.015,0.036,0.012,0.006,0.91,0.62,Liberal
Brand,235,WA,ALP,38508,43.34,50333,56.66,88841,4.77,172893,0.262,0.257,0.208,0.158,0.088,0.026,0.348,0.472,0.166,0.013,1533,350,1950,0.217,0.492,0.261,0.007,0.023,0.024,0.323,0.145,0.104,0.491,0.17,0.038,0.215,0.085,0.088,0.136,0.2,0.126,0.126,0.097,0.097,0.112,0.012,0.006,0.585,0.424,Labor
Brisbane,156,QLD,LNP,55995,54.92,45962,45.08,101957,-1.08,174646,0.156,0.385,0.214,0.148,0.073,0.024,0.476,0.382,0.11,0.032,1871,400,2167,0.2,0.26,0.508,0.006,0.027,0.01,0.283,0.153,0.182,0.635,0.137,0.025,0.118,0.085,0.151,0.357,0.082,0.097,0.135,0.083,0.022,0.058,0.01,0.005,0.852,0.587,Liberal
Bruce,201,VIC,ALP,33351,35.85,59689,64.15,93040,-0.1,190121,0.216,0.277,0.191,0.173,0.107,0.036,0.304,0.486,0.186,0.023,1198,300,1517,0.308,0.329,0.32,0.005,0.037,0.004,0.532,0.209,0.575,0.493,0.159,0.03,0.259,0.059,0.078,0.135,0.163,0.108,0.123,0.097,0.115,0.157,0.011,0.011,0.742,0.378,Labor
Burt,317,WA,ALP,39626,45.01,48414,54.99,88040,2.12,177620,0.258,0.265,0.211,0.157,0.086,0.023,0.317,0.501,0.164,0.018,1539,350,1900,0.234,0.506,0.228,0.009,0.022,0.024,0.403,0.19,0.271,0.519,0.175,0.034,0.21,0.062,0.089,0.163,0.17,0.112,0.144,0.1,0.098,0.108,0.01,0.006,0.68,0.441,Labor
Calare,109,NSW,NP,66006,63.29,38282,36.71,104288,1.48,165791,0.24,0.209,0.181,0.189,0.136,0.045,0.402,0.411,0.174,0.013,1207,250,1560,0.358,0.321,0.282,0.007,0.032,0.063,0.083,0.021,0.038,0.484,0.178,0.036,0.2,0.102,0.133,0.17,0.152,0.117,0.12,0.09,0.086,0.116,0.009,0.008,0.549,0.41,Liberal
Calwell,203,VIC,ALP,27288,31.2,60164,68.8,87452,0.93,178293,0.269,0.277,0.203,0.154,0.078,0.019,0.246,0.558,0.18,0.016,1329,320,1684,0.258,0.449,0.255,0.006,0.032,0.007,0.403,0.164,0.531,0.476,0.158,0.033,0.271,0.062,0.09,0.136,0.151,0.12,0.143,0.104,0.115,0.119,0.011,0.011,0.735,0.373,Labor
Canberra,101,ACT,ALP,28442,32.92,57961,67.08,86403,-4.14,133077,0.178,0.325,0.196,0.159,0.101,0.041,0.444,0.418,0.122,0.016,2091,395,2167,0.286,0.273,0.41,0.008,0.023,0.012,0.283,0.124,0.217,0.66,0.126,0.03,0.117,0.067,0.187,0.376,0.064,0.098,0.137,0.059,0.012,0.042,0.02,0.004,0.876,0.609,Labor
Canning,236,WA,LP,55947,61.55,34945,38.45,90892,4.76,153064,0.233,0.203,0.186,0.188,0.147,0.043,0.436,0.41,0.144,0.01,1341,320,1950,0.312,0.419,0.223,0.021,0.025,0.02,0.257,0.087,0.068,0.463,0.189,0.042,0.236,0.07,0.102,0.135,0.2,0.111,0.123,0.095,0.11,0.107,0.011,0.006,0.611,0.411,Liberal
Capricornia,157,QLD,LNP,55475,62.35,33492,37.65,88967,11.72,154875,0.25,0.223,0.197,0.189,0.107,0.033,0.4,0.43,0.156,0.014,1420,250,1733,0.294,0.332,0.333,0.009,0.033,0.053,0.095,0.041,0.047,0.494,0.166,0.039,0.197,0.105,0.107,0.144,0.185,0.101,0.121,0.086,0.126,0.116,0.008,0.006,0.639,0.385,Liberal
Casey,204,VIC,LP,54551,54.64,45277,45.36,99828,0.1,156659,0.232,0.215,0.203,0.197,0.122,0.032,0.36,0.475,0.153,0.011,1501,325,1733,0.34,0.482,0.145,0.01,0.023,0.009,0.163,0.032,0.072,0.531,0.213,0.039,0.169,0.048,0.128,0.178,0.186,0.114,0.135,0.092,0.055,0.096,0.009,0.007,0.699,0.488,Liberal
Chifley,111,NSW,ALP,34245,37.63,56761,62.37,91006,6.82,181130,0.272,0.264,0.198,0.158,0.085,0.023,0.238,0.525,0.219,0.019,1477,350,1960,0.216,0.375,0.37,0.007,0.031,0.04,0.411,0.143,0.425,0.524,0.14,0.033,0.246,0.058,0.073,0.149,0.129,0.107,0.159,0.092,0.143,0.126,0.013,0.011,0.707,0.392,Labor
Chisholm,205,VIC,LP,48005,50.57,46915,49.43,94920,-2.34,182123,0.201,0.274,0.194,0.164,0.11,0.058,0.338,0.495,0.145,0.022,1472,390,2000,0.379,0.293,0.292,0.012,0.024,0.002,0.44,0.198,0.433,0.586,0.175,0.024,0.173,0.041,0.143,0.321,0.098,0.094,0.136,0.1,0.027,0.065,0.009,0.008,0.892,0.546,Liberal
Clark,319,TAS,ALP,22819,33.83,44642,66.17,67461,-0.84,106121,0.2,0.251,0.186,0.19,0.125,0.048,0.406,0.388,0.186,0.019,1224,265,1408,0.318,0.311,0.336,0.009,0.026,0.03,0.18,0.075,0.121,0.519,0.2,0.032,0.187,0.062,0.113,0.27,0.117,0.128,0.139,0.092,0.04,0.084,0.012,0.005,0.748,0.481,Labor
Cook,112,NSW,LP,64894,69.02,29129,30.98,94023,3.63,146798,0.212,0.213,0.205,0.185,0.126,0.058,0.36,0.483,0.143,0.015,1805,450,2500,0.38,0.331,0.257,0.008,0.024,0.01,0.221,0.048,0.213,0.587,0.183,0.035,0.145,0.05,0.158,0.237,0.126,0.101,0.164,0.1,0.041,0.055,0.01,0.007,0.814,0.507,Liberal
Cooper,320,VIC,ALP,23079,23.68,74402,76.32,97481,-4.23,171143,0.185,0.303,0.225,0.152,0.089,0.046,0.373,0.447,0.153,0.027,1454,340,1950,0.302,0.28,0.381,0.006,0.031,0.008,0.326,0.126,0.358,0.564,0.176,0.029,0.162,0.069,0.127,0.317,0.108,0.102,0.129,0.088,0.039,0.074,0.01,0.007,0.837,0.516,Labor
Corangamite,207,VIC,ALP,49725,48.93,51895,51.07,101620,-1.04,143540,0.231,0.198,0.193,0.188,0.145,0.046,0.418,0.443,0.129,0.01,1378,320,1668,0.381,0.384,0.2,0.011,0.024,0.008,0.127,0.033,0.053,0.51,0.224,0.038,0.174,0.054,0.131,0.212,0.16,0.124,0.12,0.098,0.048,0.091,0.009,0.007,0.752,0.508,Labor
Corio,208,VIC,ALP,39180,39.68,59572,60.32,98752,-2.12,154460,0.217,0.24,0.19,0.183,0.121,0.049,0.374,0.418,0.191,0.017,1201,270,1500,0.331,0.322,0.313,0.006,0.028,0.011,0.178,0.056,0.132,0.498,0.195,0.035,0.202,0.07,0.105,0.209,0.142,0.127,0.12,0.104,0.066,0.11,0.009,0.007,0.695,0.448,Labor
Cowan,237,WA,ALP,41718,49.17,43135,50.83,84853,-0.15,153170,0.252,0.243,0.214,0.172,0.094,0.026,0.314,0.513,0.158,0.016,1620,380,1993,0.266,0.509,0.196,0.009,0.02,0.016,0.38,0.14,0.268,0.526,0.194,0.037,0.195,0.048,0.097,0.157,0.177,0.113,0.147,0.104,0.075,0.112,0.011,0.007,0.725,0.425,Labor
Cowper,113,NSW,NP,65302,61.88,40226,38.12,105528,-0.7,164058,0.212,0.169,0.165,0.212,0.176,0.066,0.457,0.335,0.196,0.012,1000,290,1517,0.398,0.261,0.297,0.014,0.031,0.061,0.116,0.027,0.044,0.41,0.219,0.035,0.259,0.077,0.115,0.19,0.138,0.133,0.125,0.107,0.055,0.119,0.009,0.008,0.564,0.415,Liberal
Cunningham,114,NSW,ALP,36841,36.59,63836,63.41,100677,-0.09,162773,0.209,0.255,0.189,0.18,0.117,0.05,0.368,0.448,0.167,0.017,1372,330,2000,0.343,0.297,0.322,0.01,0.028,0.022,0.224,0.068,0.179,0.547,0.179,0.031,0.191,0.052,0.11,0.26,0.14,0.122,0.134,0.086,0.053,0.08,0.009,0.006,0.776,0.493,Labor
Curtin,238,WA,LP,57296,64.33,31766,35.67,89062,-6.37,151384,0.212,0.25,0.199,0.175,0.116,0.048,0.402,0.463,0.117,0.018,2052,400,2500,0.341,0.307,0.317,0.012,0.022,0.006,0.332,0.142,0.167,0.585,0.179,0.026,0.144,0.065,0.161,0.393,0.081,0.09,0.114,0.077,0.02,0.05,0.01,0.004,0.874,0.607,Liberal
Dawson,158,QLD,LNP,57405,64.61,31446,35.39,88851,11.24,157233,0.235,0.227,0.2,0.196,0.11,0.032,0.41,0.423,0.154,0.013,1376,275,1758,0.288,0.334,0.337,0.009,0.031,0.055,0.135,0.057,0.066,0.506,0.17,0.037,0.188,0.099,0.117,0.152,0.174,0.105,0.119,0.094,0.106,0.118,0.008,0.007,0.644,0.407,Liberal
Deakin,209,VIC,LP,53288,54.78,43981,45.22,97269,-1.66,162276,0.223,0.227,0.213,0.174,0.119,0.046,0.35,0.486,0.149,0.015,1547,350,1809,0.344,0.39,0.237,0.008,0.022,0.004,0.272,0.102,0.223,0.568,0.197,0.031,0.165,0.038,0.126,0.258,0.136,0.103,0.15,0.1,0.039,0.073,0.008,0.006,0.796,0.525,Liberal
Dickson,252,QLD,LNP,52968,54.64,43980,45.36,96948,2.95,159328,0.259,0.215,0.22,0.18,0.104,0.023,0.348,0.498,0.143,0.012,1761,350,1900,0.286,0.46,0.228,0.01,0.017,0.02,0.188,0.061,0.072,0.567,0.191,0.033,0.168,0.041,0.123,0.206,0.145,0.116,0.166,0.095,0.056,0.079,0.009,0.006,0.792,0.501,Liberal
Dobell,115,NSW,ALP,49209,48.5,52244,51.5,101453,3.31,159598,0.237,0.204,0.187,0.183,0.135,0.054,0.359,0.422,0.205,0.014,1268,340,1733,0.323,0.35,0.28,0.015,0.031,0.043,0.131,0.025,0.053,0.487,0.201,0.035,0.22,0.056,0.107,0.166,0.16,0.126,0.135,0.11,0.068,0.111,0.01,0.006,0.616,0.416,Labor
Dunkley,210,VIC,ALP,45762,47.26,51066,52.74,96828,-1.71,159581,0.228,0.22,0.208,0.186,0.118,0.04,0.343,0.451,0.191,0.016,1381,310,1688,0.283,0.411,0.267,0.013,0.027,0.009,0.217,0.055,0.109,0.526,0.194,0.034,0.186,0.061,0.12,0.178,0.165,0.115,0.139,0.111,0.063,0.093,0.009,0.007,0.687,0.463,Labor
Durack,312,WA,LP,50332,64.76,27389,35.24,77721,3.7,186187,0.246,0.244,0.224,0.185,0.082,0.019,0.4,0.43,0.153,0.018,1656,188,1733,0.24,0.218,0.497,0.01,0.035,0.167,0.163,0.076,0.114,0.492,0.133,0.048,0.187,0.14,0.14,0.139,0.2,0.093,0.105,0.06,0.123,0.12,0.013,0.007,0.508,0.386,Liberal
Eden-monaro,117,NSW,ALP,48787,49.15,50472,50.85,99259,2.08,152444,0.22,0.184,0.193,0.219,0.142,0.041,0.443,0.409,0.138,0.011,1349,255,1733,0.37,0.343,0.249,0.008,0.03,0.032,0.135,0.031,0.069,0.515,0.182,0.041,0.181,0.081,0.164,0.176,0.14,0.11,0.145,0.085,0.058,0.102,0.013,0.007,0.643,0.456,Labor
Fadden,159,QLD,LNP,62387,64.18,34825,35.82,97212,2.94,175618,0.231,0.231,0.201,0.177,0.125,0.036,0.396,0.42,0.172,0.013,1417,395,1950,0.258,0.332,0.379,0.007,0.024,0.017,0.299,0.111,0.115,0.521,0.189,0.03,0.185,0.075,0.126,0.166,0.152,0.115,0.143,0.121,0.059,0.099,0.011,0.007,0.727,0.445,Liberal
Fairfax,160,QLD,LNP,61944,63.44,35696,36.56,97640,2.57,156273,0.225,0.191,0.198,0.197,0.142,0.047,0.433,0.402,0.153,0.011,1297,370,1750,0.315,0.343,0.297,0.019,0.026,0.02,0.198,0.064,0.053,0.486,0.222,0.032,0.199,0.061,0.117,0.201,0.159,0.12,0.13,0.109,0.048,0.101,0.009,0.006,0.738,0.488,Liberal
Farrer,118,NSW,LP,67908,69.83,29341,30.17,97249,-0.7,168506,0.233,0.198,0.175,0.196,0.145,0.053,0.434,0.4,0.154,0.013,1149,200,1300,0.366,0.3,0.29,0.01,0.034,0.042,0.099,0.036,0.072,0.493,0.191,0.039,0.19,0.086,0.17,0.148,0.137,0.103,0.116,0.092,0.075,0.142,0.009,0.008,0.556,0.376,Liberal
Fenner,102,ACT,ALP,34171,39.44,52462,60.56,86633,1.28,142439,0.255,0.282,0.234,0.137,0.075,0.017,0.339,0.51,0.136,0.015,2066,380,2037,0.213,0.455,0.308,0.005,0.019,0.018,0.291,0.128,0.272,0.636,0.147,0.036,0.132,0.05,0.144,0.275,0.11,0.113,0.178,0.074,0.025,0.055,0.02,0.005,0.813,0.569,Labor
Fisher,161,QLD,LNP,62100,62.7,36948,37.3,99048,3.55,154117,0.22,0.187,0.19,0.193,0.155,0.054,0.448,0.385,0.156,0.011,1251,375,1820,0.346,0.318,0.295,0.018,0.023,0.019,0.193,0.06,0.048,0.485,0.218,0.035,0.203,0.059,0.116,0.181,0.164,0.122,0.128,0.114,0.054,0.106,0.008,0.007,0.729,0.462,Liberal
Flinders,211,VIC,LP,53943,55.64,43009,44.36,96952,-1.37,145119,0.204,0.172,0.182,0.197,0.181,0.065,0.438,0.392,0.16,0.01,1219,305,1730,0.388,0.343,0.221,0.016,0.032,0.009,0.171,0.03,0.052,0.48,0.224,0.038,0.199,0.058,0.133,0.175,0.186,0.122,0.119,0.108,0.044,0.097,0.009,0.007,0.664,0.457,Liberal
Flynn,311,QLD,LNP,52472,58.66,36985,41.34,89457,7.62,158366,0.262,0.21,0.201,0.196,0.108,0.024,0.412,0.436,0.139,0.012,1384,225,1733,0.293,0.332,0.338,0.008,0.029,0.053,0.113,0.048,0.048,0.473,0.165,0.039,0.227,0.096,0.136,0.118,0.179,0.089,0.107,0.08,0.136,0.138,0.009,0.008,0.614,0.378,Liberal
Forde,162,QLD,LNP,53635,58.6,37899,41.4,91534,7.97,175932,0.268,0.242,0.204,0.161,0.1,0.025,0.333,0.464,0.188,0.015,1463,360,1777,0.228,0.395,0.345,0.007,0.026,0.028,0.259,0.09,0.109,0.521,0.176,0.034,0.207,0.062,0.102,0.135,0.168,0.109,0.148,0.104,0.094,0.122,0.01,0.007,0.7,0.419,Liberal
Forrest,239,WA,LP,58405,64.56,32057,35.44,90462,2,152460,0.247,0.189,0.204,0.195,0.128,0.037,0.421,0.423,0.147,0.009,1361,310,1757,0.311,0.385,0.27,0.011,0.023,0.022,0.194,0.067,0.066,0.454,0.221,0.045,0.204,0.077,0.119,0.15,0.185,0.104,0.111,0.098,0.086,0.133,0.009,0.006,0.579,0.432,Liberal
Fowler,119,NSW,ALP,30124,36.01,53540,63.99,83664,3.5,173263,0.231,0.258,0.192,0.185,0.1,0.034,0.24,0.505,0.231,0.024,1212,334,1733,0.297,0.279,0.382,0.007,0.035,0.008,0.53,0.15,0.686,0.46,0.142,0.029,0.301,0.067,0.08,0.149,0.146,0.103,0.138,0.094,0.117,0.145,0.015,0.014,0.772,0.309,Labor
Franklin,195,TAS,ALP,26555,37.79,43706,62.21,70261,-1.48,102079,0.225,0.186,0.19,0.204,0.148,0.047,0.422,0.401,0.166,0.011,1251,270,1439,0.373,0.377,0.217,0.009,0.023,0.046,0.127,0.026,0.046,0.479,0.222,0.037,0.205,0.057,0.124,0.215,0.14,0.122,0.154,0.094,0.041,0.094,0.012,0.005,0.647,0.465,Labor
Fraser,321,VIC,ALP,33156,35.82,59403,64.18,92559,5.61,178821,0.213,0.28,0.193,0.177,0.104,0.033,0.287,0.484,0.204,0.026,1231,300,1517,0.357,0.322,0.275,0.007,0.039,0.004,0.485,0.164,0.595,0.492,0.163,0.032,0.248,0.064,0.084,0.146,0.138,0.106,0.134,0.102,0.114,0.15,0.012,0.013,0.794,0.361,Labor
Fremantle,240,WA,ALP,39251,43.08,51852,56.92,91103,0.6,156992,0.221,0.246,0.223,0.176,0.1,0.034,0.372,0.462,0.15,0.016,1713,380,2100,0.278,0.421,0.27,0.007,0.024,0.015,0.325,0.127,0.191,0.54,0.187,0.035,0.171,0.067,0.118,0.245,0.159,0.103,0.134,0.085,0.056,0.082,0.011,0.006,0.752,0.501,Labor
Gellibrand,212,VIC,ALP,34653,35.17,63878,64.83,98531,0.29,180010,0.233,0.257,0.243,0.156,0.08,0.031,0.333,0.504,0.143,0.02,1725,350,2000,0.272,0.371,0.326,0.006,0.025,0.005,0.347,0.143,0.329,0.572,0.167,0.031,0.174,0.056,0.148,0.269,0.113,0.093,0.142,0.087,0.058,0.071,0.011,0.007,0.799,0.521,Labor
Gilmore,120,NSW,ALP,51025,47.39,56652,52.61,107677,-3.34,155491,0.198,0.162,0.16,0.218,0.198,0.064,0.494,0.336,0.16,0.011,1038,280,1517,0.445,0.269,0.243,0.013,0.03,0.05,0.131,0.017,0.04,0.408,0.215,0.037,0.261,0.079,0.121,0.182,0.166,0.135,0.117,0.105,0.054,0.104,0.009,0.008,0.562,0.438,Labor
Gippsland,213,VIC,NP,64456,66.67,32222,33.33,96678,-1.54,147888,0.214,0.193,0.17,0.211,0.164,0.05,0.456,0.371,0.161,0.012,1058,210,1300,0.396,0.325,0.239,0.007,0.033,0.02,0.113,0.023,0.049,0.426,0.201,0.042,0.24,0.091,0.135,0.155,0.162,0.118,0.119,0.097,0.071,0.125,0.009,0.008,0.549,0.402,Liberal
Goldstein,214,VIC,LP,57408,57.79,41928,42.21,99336,-4.89,158481,0.226,0.192,0.211,0.195,0.12,0.055,0.344,0.52,0.123,0.013,2018,421,2400,0.384,0.324,0.26,0.009,0.023,0.002,0.294,0.102,0.199,0.576,0.193,0.028,0.153,0.05,0.206,0.34,0.075,0.088,0.129,0.095,0.016,0.036,0.01,0.005,0.89,0.582,Liberal
Gorton,309,VIC,ALP,32780,34.64,61861,65.36,94641,3.13,183866,0.282,0.255,0.231,0.144,0.074,0.015,0.264,0.544,0.179,0.014,1496,305,1700,0.234,0.507,0.223,0.006,0.03,0.009,0.336,0.119,0.372,0.511,0.167,0.035,0.216,0.07,0.098,0.146,0.146,0.11,0.155,0.103,0.112,0.109,0.012,0.009,0.692,0.417,Labor
Grayndler,121,NSW,ALP,25075,26.17,70739,73.83,95814,-1.47,159721,0.177,0.293,0.248,0.163,0.089,0.03,0.416,0.425,0.135,0.024,2093,485,2600,0.245,0.288,0.437,0.005,0.025,0.011,0.331,0.113,0.261,0.624,0.145,0.029,0.122,0.08,0.17,0.383,0.083,0.083,0.127,0.071,0.023,0.045,0.01,0.006,0.844,0.596,Labor
Greenway,122,NSW,ALP,45082,47.2,50425,52.8,95507,3.51,180875,0.264,0.252,0.235,0.15,0.077,0.021,0.257,0.587,0.141,0.014,1941,410,2200,0.232,0.457,0.281,0.005,0.025,0.015,0.409,0.154,0.41,0.592,0.149,0.031,0.175,0.053,0.116,0.23,0.124,0.092,0.168,0.092,0.079,0.081,0.011,0.008,0.777,0.502,Labor
Grey,183,SA,LP,65504,63.32,37943,36.68,103447,5.57,173424,0.222,0.186,0.176,0.216,0.154,0.047,0.465,0.368,0.154,0.012,1032,180,1160,0.366,0.303,0.291,0.01,0.029,0.064,0.099,0.019,0.048,0.428,0.199,0.041,0.247,0.084,0.167,0.129,0.148,0.113,0.103,0.085,0.097,0.138,0.01,0.008,0.535,0.342,Liberal
Griffith,163,QLD,ALP,46958,47.14,52659,52.86,99617,-1.43,162832,0.188,0.339,0.224,0.149,0.072,0.027,0.422,0.419,0.131,0.029,1902,400,2167,0.208,0.297,0.464,0.006,0.025,0.012,0.274,0.135,0.183,0.629,0.151,0.027,0.123,0.07,0.146,0.341,0.096,0.093,0.141,0.081,0.026,0.062,0.01,0.005,0.855,0.586,Labor
Groom,164,QLD,LNP,67274,70.48,28174,29.52,95448,5.17,153895,0.249,0.225,0.182,0.175,0.122,0.046,0.412,0.412,0.161,0.014,1298,282,1535,0.313,0.329,0.321,0.011,0.026,0.04,0.119,0.054,0.068,0.531,0.182,0.033,0.19,0.064,0.117,0.193,0.152,0.113,0.136,0.092,0.066,0.118,0.007,0.006,0.729,0.436,Liberal
Hasluck,305,WA,LP,46637,55.39,37563,44.61,84200,3.34,148225,0.231,0.227,0.205,0.185,0.118,0.034,0.379,0.45,0.155,0.016,1527,350,1950,0.311,0.455,0.203,0.009,0.022,0.028,0.308,0.113,0.157,0.505,0.183,0.037,0.195,0.08,0.104,0.171,0.176,0.109,0.143,0.089,0.091,0.1,0.011,0.006,0.644,0.441,Liberal
Herbert,165,QLD,LNP,53641,58.36,38276,41.64,91917,8.38,165377,0.246,0.277,0.195,0.165,0.092,0.024,0.379,0.411,0.192,0.018,1392,295,1733,0.214,0.341,0.41,0.009,0.026,0.085,0.136,0.055,0.072,0.536,0.157,0.033,0.194,0.081,0.093,0.185,0.153,0.15,0.134,0.097,0.076,0.097,0.009,0.006,0.712,0.438,Liberal
Higgins,215,VIC,LP,54139,53.88,46339,46.12,100478,-6.09,172005,0.174,0.325,0.201,0.157,0.102,0.041,0.427,0.436,0.11,0.027,1903,395,2186,0.294,0.256,0.42,0.007,0.023,0.002,0.327,0.152,0.265,0.629,0.153,0.025,0.13,0.063,0.182,0.385,0.068,0.081,0.127,0.091,0.014,0.036,0.011,0.006,0.886,0.617,Liberal
Hindmarsh,185,SA,ALP,47349,43.46,61606,56.54,108955,1.89,165766,0.189,0.227,0.194,0.197,0.132,0.06,0.395,0.411,0.174,0.021,1213,280,1644,0.334,0.319,0.307,0.015,0.024,0.017,0.253,0.084,0.229,0.522,0.197,0.034,0.201,0.046,0.117,0.202,0.135,0.121,0.155,0.1,0.06,0.094,0.01,0.006,0.767,0.438,Labor
Hinkler,166,QLD,LNP,59384,64.5,32683,35.5,92067,6.12,146631,0.213,0.167,0.165,0.203,0.195,0.058,0.491,0.32,0.177,0.013,947,275,1400,0.384,0.265,0.305,0.015,0.031,0.041,0.141,0.032,0.043,0.398,0.192,0.033,0.303,0.074,0.104,0.165,0.143,0.134,0.117,0.113,0.072,0.137,0.007,0.008,0.628,0.373,Liberal
Holt,216,VIC,ALP,39110,41.3,55577,58.7,94687,1.24,184226,0.286,0.266,0.222,0.143,0.067,0.017,0.263,0.57,0.154,0.013,1573,341,1733,0.193,0.568,0.206,0.007,0.027,0.006,0.379,0.169,0.354,0.542,0.174,0.034,0.194,0.056,0.095,0.133,0.167,0.114,0.143,0.1,0.108,0.122,0.01,0.008,0.698,0.438,Labor
Hotham,217,VIC,ALP,42271,44.09,53597,55.91,95868,-1.7,188320,0.192,0.302,0.194,0.152,0.11,0.05,0.336,0.495,0.145,0.024,1442,371,2000,0.365,0.301,0.296,0.01,0.027,0.002,0.493,0.211,0.518,0.592,0.161,0.027,0.173,0.047,0.123,0.259,0.119,0.094,0.141,0.102,0.053,0.09,0.01,0.008,0.879,0.484,Labor
Hughes,124,NSW,LP,57149,59.85,38342,40.15,95491,0.52,149514,0.247,0.215,0.214,0.183,0.107,0.035,0.309,0.554,0.126,0.011,2088,445,2383,0.354,0.446,0.176,0.006,0.019,0.012,0.201,0.044,0.164,0.611,0.187,0.033,0.136,0.033,0.139,0.238,0.138,0.105,0.173,0.091,0.044,0.056,0.01,0.006,0.8,0.535,Liberal
Hume,125,NSW,LP,64527,62.99,37915,37.01,102442,2.81,158069,0.252,0.213,0.198,0.184,0.118,0.034,0.362,0.482,0.146,0.01,1628,325,2000,0.329,0.437,0.198,0.011,0.025,0.031,0.123,0.021,0.063,0.552,0.184,0.038,0.167,0.059,0.134,0.158,0.162,0.112,0.144,0.091,0.085,0.096,0.011,0.007,0.608,0.451,Liberal
Hunter,126,NSW,ALP,47976,47.02,54050,52.98,102026,9.48,161803,0.238,0.212,0.186,0.187,0.132,0.046,0.389,0.417,0.182,0.012,1294,290,1733,0.335,0.359,0.266,0.013,0.027,0.059,0.09,0.02,0.035,0.467,0.19,0.036,0.239,0.068,0.097,0.144,0.177,0.113,0.123,0.095,0.118,0.117,0.009,0.008,0.522,0.416,Labor
Indi,218,VIC,LP,63332,62.73,37624,37.27,100956,7.72,148105,0.219,0.178,0.179,0.215,0.158,0.051,0.46,0.377,0.152,0.011,1116,220,1300,0.384,0.328,0.246,0.009,0.032,0.016,0.097,0.02,0.045,0.476,0.211,0.043,0.194,0.076,0.154,0.162,0.156,0.119,0.111,0.091,0.069,0.121,0.009,0.008,0.596,0.437,Liberal
Isaacs,219,VIC,ALP,42192,43.57,54645,56.43,96837,-3.45,160723,0.221,0.22,0.226,0.176,0.11,0.047,0.339,0.497,0.148,0.015,1578,351,2000,0.329,0.391,0.246,0.008,0.026,0.004,0.308,0.1,0.261,0.571,0.184,0.032,0.165,0.048,0.145,0.241,0.133,0.095,0.151,0.104,0.045,0.069,0.009,0.007,0.807,0.494,Labor
Jagajaga,220,VIC,ALP,42463,43.43,55304,56.57,97767,-0.97,153923,0.221,0.224,0.21,0.183,0.119,0.043,0.339,0.5,0.144,0.017,1724,350,1993,0.374,0.372,0.224,0.006,0.023,0.006,0.223,0.069,0.2,0.568,0.199,0.032,0.158,0.043,0.137,0.29,0.127,0.102,0.15,0.091,0.031,0.058,0.009,0.006,0.834,0.543,Labor
Kennedy,167,QLD,LNP,59319,64.51,32629,35.49,91948,7.77,168690,0.251,0.202,0.185,0.197,0.128,0.035,0.42,0.391,0.174,0.015,1197,225,1517,0.341,0.287,0.329,0.009,0.035,0.137,0.121,0.036,0.073,0.461,0.166,0.04,0.225,0.107,0.138,0.131,0.159,0.111,0.113,0.083,0.1,0.146,0.009,0.009,0.599,0.362,Liberal
Kingsford Smith,127,NSW,ALP,38875,41.19,55501,58.81,94376,-0.24,190884,0.175,0.342,0.207,0.147,0.092,0.036,0.368,0.453,0.148,0.031,1794,530,2520,0.254,0.242,0.466,0.007,0.032,0.017,0.425,0.189,0.364,0.631,0.133,0.027,0.123,0.085,0.145,0.311,0.101,0.101,0.142,0.086,0.039,0.059,0.01,0.007,0.844,0.522,Labor
Kingston,186,SA,ALP,40373,38.06,65708,61.94,106081,1.61,162107,0.224,0.223,0.195,0.193,0.126,0.038,0.38,0.427,0.18,0.013,1229,290,1456,0.289,0.439,0.234,0.017,0.021,0.015,0.226,0.062,0.08,0.497,0.217,0.036,0.207,0.044,0.094,0.161,0.167,0.138,0.152,0.111,0.058,0.104,0.009,0.005,0.691,0.446,Labor
Kooyong,221,VIC,LP,56127,56.68,42902,43.32,99029,-6.14,166419,0.207,0.262,0.191,0.18,0.111,0.049,0.349,0.507,0.121,0.023,2036,401,2479,0.376,0.284,0.311,0.008,0.022,0.002,0.318,0.127,0.282,0.614,0.17,0.025,0.144,0.048,0.184,0.393,0.059,0.083,0.127,0.092,0.012,0.034,0.011,0.006,0.913,0.611,Liberal
La Trobe,223,VIC,LP,53776,54.49,44913,45.51,98689,1.27,162012,0.272,0.241,0.218,0.158,0.086,0.025,0.302,0.535,0.151,0.011,1609,335,1750,0.246,0.495,0.224,0.012,0.023,0.006,0.257,0.093,0.187,0.56,0.192,0.033,0.168,0.047,0.12,0.171,0.167,0.104,0.151,0.108,0.07,0.094,0.008,0.007,0.705,0.479,Liberal
Lalor,222,VIC,ALP,35137,37.59,58341,62.41,93478,1.78,193726,0.281,0.281,0.221,0.136,0.065,0.016,0.276,0.551,0.16,0.013,1530,310,1692,0.211,0.476,0.282,0.006,0.025,0.009,0.405,0.219,0.403,0.532,0.162,0.033,0.208,0.064,0.095,0.167,0.132,0.117,0.153,0.098,0.118,0.102,0.01,0.008,0.706,0.473,Labor
Leichhardt,168,QLD,LNP,48638,54.17,41147,45.83,89785,0.22,175479,0.245,0.227,0.213,0.192,0.101,0.023,0.383,0.395,0.202,0.019,1302,275,1680,0.229,0.296,0.432,0.008,0.035,0.168,0.207,0.076,0.186,0.474,0.175,0.035,0.21,0.105,0.114,0.196,0.146,0.142,0.126,0.1,0.056,0.102,0.01,0.008,0.659,0.44,Liberal
Lilley,169,QLD,ALP,47688,49.36,48917,50.64,96605,5.04,158758,0.211,0.264,0.213,0.164,0.102,0.046,0.386,0.429,0.16,0.025,1588,360,1950,0.271,0.329,0.364,0.01,0.026,0.022,0.234,0.103,0.149,0.585,0.171,0.034,0.158,0.052,0.118,0.251,0.125,0.106,0.163,0.089,0.05,0.083,0.009,0.006,0.813,0.511,Labor
Lindsay,128,NSW,LP,53614,55.04,43789,44.96,97403,6.15,174495,0.252,0.264,0.204,0.161,0.095,0.024,0.308,0.478,0.199,0.016,1612,365,2000,0.254,0.393,0.322,0.005,0.027,0.042,0.211,0.055,0.159,0.559,0.155,0.034,0.183,0.069,0.102,0.152,0.146,0.107,0.175,0.095,0.107,0.097,0.012,0.008,0.627,0.413,Liberal
Lingiari,306,NT,ALP,21571,44.54,26863,55.46,48434,2.73,132479,0.27,0.284,0.215,0.166,0.057,0.008,0.327,0.466,0.184,0.022,1757,113,2167,0.152,0.263,0.525,0.014,0.047,0.402,0.124,0.056,0.357,0.422,0.096,0.041,0.266,0.175,0.119,0.188,0.158,0.153,0.128,0.059,0.062,0.103,0.017,0.013,0.377,0.329,Labor
Longman,302,QLD,LNP,53037,53.28,46512,46.72,99549,4.07,169165,0.246,0.219,0.186,0.18,0.135,0.034,0.395,0.411,0.182,0.012,1256,320,1733,0.283,0.357,0.328,0.008,0.025,0.037,0.169,0.049,0.053,0.468,0.184,0.035,0.243,0.071,0.096,0.122,0.167,0.121,0.141,0.11,0.088,0.137,0.011,0.007,0.651,0.4,Liberal
Lyne,130,NSW,NP,65942,65.17,35238,34.83,101180,3.54,149409,0.205,0.144,0.158,0.222,0.206,0.066,0.496,0.33,0.162,0.011,967,260,1517,0.454,0.276,0.227,0.013,0.031,0.055,0.087,0.011,0.023,0.399,0.213,0.038,0.282,0.068,0.125,0.165,0.155,0.119,0.118,0.106,0.072,0.122,0.008,0.009,0.537,0.402,Liberal
Lyons,196,TAS,ALP,32073,44.82,39491,55.18,71564,-1.35,104176,0.22,0.177,0.179,0.224,0.16,0.039,0.446,0.378,0.166,0.01,1014,210,1248,0.378,0.359,0.229,0.007,0.027,0.048,0.084,0.011,0.021,0.418,0.21,0.044,0.258,0.071,0.137,0.118,0.156,0.126,0.123,0.098,0.085,0.139,0.011,0.008,0.482,0.359,Labor
Macarthur,131,NSW,ALP,41394,41.6,58110,58.4,99504,-0.07,173553,0.265,0.261,0.197,0.167,0.09,0.019,0.285,0.499,0.201,0.015,1573,360,1950,0.239,0.42,0.306,0.01,0.025,0.036,0.278,0.074,0.264,0.541,0.154,0.034,0.215,0.056,0.096,0.152,0.143,0.109,0.162,0.1,0.112,0.105,0.012,0.008,0.665,0.412,Labor
Mackellar,132,NSW,LP,62124,63.22,36138,36.78,98262,-2.52,156838,0.231,0.185,0.214,0.188,0.131,0.052,0.355,0.516,0.119,0.01,2056,550,2700,0.367,0.369,0.215,0.022,0.027,0.006,0.266,0.075,0.143,0.587,0.207,0.031,0.129,0.046,0.176,0.258,0.128,0.098,0.141,0.095,0.031,0.057,0.01,0.006,0.819,0.544,Liberal
Macnamara,322,VIC,ALP,42479,43.75,54613,56.25,97092,-5.04,185183,0.138,0.368,0.221,0.152,0.09,0.031,0.535,0.328,0.105,0.032,1864,420,2167,0.214,0.229,0.525,0.006,0.026,0.003,0.355,0.177,0.249,0.618,0.134,0.026,0.121,0.1,0.189,0.385,0.074,0.086,0.122,0.08,0.013,0.034,0.012,0.006,0.825,0.61,Labor
Macquarie,133,NSW,ALP,48290,49.81,48661,50.19,96951,2,145602,0.232,0.197,0.198,0.203,0.134,0.036,0.368,0.462,0.158,0.011,1556,355,1950,0.356,0.404,0.209,0.009,0.022,0.03,0.148,0.02,0.06,0.548,0.197,0.033,0.172,0.051,0.126,0.221,0.156,0.111,0.142,0.081,0.062,0.085,0.01,0.006,0.649,0.514,Labor
Makin,187,SA,ALP,42978,40.28,63726,59.72,106704,1.07,170829,0.221,0.234,0.202,0.179,0.125,0.039,0.377,0.442,0.167,0.015,1285,300,1500,0.308,0.427,0.224,0.02,0.02,0.014,0.28,0.09,0.201,0.528,0.198,0.031,0.197,0.046,0.098,0.169,0.153,0.127,0.157,0.103,0.069,0.108,0.011,0.005,0.731,0.434,Labor
Mallee,224,VIC,NP,62143,66.23,31684,33.77,93827,-3.57,155839,0.22,0.187,0.167,0.208,0.158,0.06,0.454,0.376,0.156,0.013,974,185,1083,0.411,0.296,0.248,0.01,0.036,0.026,0.088,0.03,0.064,0.453,0.196,0.041,0.226,0.084,0.196,0.143,0.13,0.108,0.103,0.097,0.067,0.139,0.008,0.009,0.568,0.347,Liberal
Maranoa,170,QLD,LNP,69961,75.42,22799,24.58,92760,7.88,151532,0.242,0.186,0.177,0.202,0.149,0.043,0.454,0.383,0.149,0.013,1083,200,1300,0.369,0.271,0.316,0.011,0.033,0.06,0.082,0.026,0.034,0.477,0.174,0.039,0.221,0.089,0.195,0.12,0.138,0.095,0.108,0.08,0.09,0.157,0.007,0.009,0.62,0.347,Liberal
Maribyrnong,225,VIC,ALP,39157,38.8,61767,61.2,100924,-0.8,170360,0.195,0.287,0.216,0.162,0.097,0.043,0.361,0.466,0.145,0.028,1604,346,2000,0.317,0.295,0.353,0.006,0.029,0.004,0.316,0.112,0.339,0.584,0.168,0.031,0.152,0.064,0.144,0.286,0.102,0.1,0.148,0.096,0.041,0.067,0.011,0.007,0.842,0.513,Labor
Mayo,188,SA,LP,59205,52.54,53471,47.46,112676,-0.73,163904,0.221,0.167,0.188,0.211,0.166,0.047,0.447,0.415,0.13,0.008,1248,280,1517,0.369,0.406,0.19,0.015,0.021,0.01,0.169,0.031,0.04,0.478,0.236,0.041,0.191,0.054,0.146,0.211,0.145,0.12,0.122,0.092,0.048,0.102,0.009,0.005,0.708,0.476,Liberal
Mcewen,226,VIC,ALP,43236,44.98,52892,55.02,96128,0.98,153859,0.268,0.221,0.215,0.175,0.098,0.023,0.324,0.517,0.149,0.009,1660,325,1750,0.282,0.505,0.186,0.005,0.022,0.01,0.148,0.043,0.096,0.541,0.198,0.039,0.167,0.056,0.122,0.174,0.174,0.115,0.151,0.097,0.069,0.082,0.01,0.006,0.695,0.483,Labor
Mcmahon,315,NSW,ALP,37029,43.36,48364,56.64,85393,5.47,174690,0.245,0.259,0.197,0.17,0.097,0.03,0.258,0.532,0.19,0.02,1412,390,2000,0.299,0.343,0.322,0.006,0.03,0.012,0.432,0.137,0.529,0.503,0.148,0.031,0.265,0.054,0.094,0.154,0.154,0.096,0.169,0.096,0.106,0.107,0.014,0.01,0.721,0.366,Labor
Mcpherson,171,QLD,LNP,57545,62.2,34976,37.8,92521,0.56,159569,0.219,0.218,0.206,0.182,0.127,0.047,0.386,0.42,0.18,0.014,1395,400,1928,0.295,0.344,0.328,0.006,0.026,0.017,0.247,0.081,0.102,0.525,0.209,0.032,0.17,0.063,0.121,0.204,0.147,0.126,0.133,0.123,0.041,0.088,0.01,0.006,0.782,0.476,Liberal
Melbourne,228,VIC,ALP,30654,32.94,62410,67.06,93064,-0.06,215951,0.099,0.544,0.173,0.107,0.059,0.019,0.553,0.264,0.12,0.063,1488,425,2000,0.156,0.18,0.626,0.007,0.03,0.004,0.456,0.294,0.39,0.665,0.106,0.022,0.104,0.102,0.149,0.409,0.072,0.105,0.11,0.077,0.015,0.047,0.011,0.006,0.851,0.578,Labor
Menzies,229,VIC,LP,56568,57.53,41758,42.47,98326,-0.28,158381,0.211,0.205,0.197,0.196,0.137,0.053,0.344,0.521,0.122,0.013,1760,410,2000,0.441,0.355,0.169,0.01,0.025,0.002,0.348,0.102,0.352,0.563,0.197,0.029,0.175,0.036,0.168,0.285,0.11,0.092,0.144,0.107,0.025,0.054,0.009,0.007,0.882,0.531,Liberal
Mitchell,134,NSW,LP,67698,68.63,30938,31.37,98636,0.81,163922,0.258,0.206,0.231,0.171,0.106,0.029,0.286,0.599,0.106,0.009,2268,550,2500,0.33,0.457,0.185,0.012,0.017,0.005,0.359,0.105,0.333,0.629,0.171,0.027,0.146,0.027,0.167,0.295,0.103,0.08,0.163,0.095,0.032,0.047,0.011,0.006,0.868,0.568,Liberal
Monash,323,VIC,LP,57631,57.36,42850,42.64,100481,-0.15,146190,0.221,0.179,0.172,0.208,0.167,0.052,0.446,0.387,0.157,0.011,1066,230,1374,0.399,0.341,0.222,0.008,0.03,0.011,0.119,0.018,0.042,0.444,0.217,0.044,0.223,0.072,0.154,0.146,0.169,0.111,0.111,0.094,0.07,0.128,0.009,0.009,0.563,0.418,Liberal
Moncrieff,172,QLD,LNP,60079,65.36,31840,34.64,91919,0.75,177222,0.175,0.271,0.196,0.179,0.133,0.045,0.442,0.359,0.18,0.018,1261,370,1800,0.261,0.282,0.412,0.01,0.035,0.015,0.311,0.122,0.169,0.517,0.188,0.028,0.176,0.091,0.125,0.188,0.14,0.127,0.127,0.126,0.045,0.104,0.011,0.007,0.753,0.455,Liberal
Moore,242,WA,LP,54735,61.65,34044,38.35,88779,0.63,145796,0.234,0.209,0.209,0.21,0.11,0.028,0.358,0.511,0.119,0.012,2002,410,2100,0.34,0.466,0.174,0.004,0.016,0.006,0.386,0.136,0.109,0.556,0.21,0.035,0.16,0.039,0.129,0.235,0.158,0.106,0.15,0.099,0.04,0.069,0.01,0.005,0.809,0.529,Liberal
Moreton,173,QLD,ALP,43597,48.1,47045,51.9,90642,2.12,172632,0.208,0.316,0.202,0.15,0.09,0.033,0.358,0.467,0.148,0.027,1602,380,1950,0.293,0.321,0.349,0.007,0.03,0.012,0.397,0.194,0.361,0.58,0.166,0.027,0.176,0.051,0.113,0.292,0.111,0.102,0.134,0.09,0.05,0.091,0.011,0.007,0.865,0.535,Labor
New England,135,NSW,NP,65818,67.63,31502,32.37,97320,1.21,158025,0.236,0.203,0.171,0.195,0.146,0.049,0.432,0.376,0.177,0.015,1089,230,1365,0.371,0.286,0.302,0.009,0.032,0.084,0.077,0.029,0.04,0.487,0.183,0.035,0.209,0.086,0.162,0.167,0.134,0.105,0.112,0.091,0.07,0.142,0.009,0.008,0.603,0.391,Liberal
Newcastle,136,NSW,ALP,37283,36.17,65784,63.83,103067,0.01,159907,0.202,0.279,0.193,0.176,0.106,0.044,0.383,0.416,0.181,0.021,1398,340,1800,0.297,0.317,0.354,0.006,0.026,0.034,0.14,0.056,0.1,0.555,0.185,0.03,0.18,0.05,0.102,0.28,0.128,0.123,0.131,0.092,0.049,0.082,0.009,0.006,0.766,0.503,Labor
Nicholls,324,VIC,NP,66732,70.03,28560,29.97,95292,-2.49,153776,0.228,0.195,0.175,0.201,0.15,0.052,0.425,0.399,0.164,0.012,1112,210,1300,0.368,0.328,0.259,0.009,0.035,0.026,0.111,0.041,0.084,0.471,0.192,0.043,0.211,0.083,0.162,0.144,0.142,0.11,0.107,0.096,0.072,0.15,0.007,0.01,0.58,0.368,Liberal
North Sydney,137,NSW,LP,57398,59.27,39438,40.73,96836,-4.34,173535,0.199,0.261,0.234,0.162,0.104,0.039,0.419,0.454,0.108,0.019,2352,560,2700,0.291,0.272,0.409,0.008,0.02,0.003,0.387,0.153,0.286,0.645,0.139,0.027,0.128,0.06,0.201,0.418,0.057,0.068,0.126,0.074,0.012,0.027,0.012,0.005,0.884,0.649,Liberal
O'connor,243,WA,LP,55421,64.48,30536,35.52,85957,-0.56,158996,0.24,0.198,0.192,0.205,0.128,0.036,0.44,0.406,0.141,0.013,1325,225,1517,0.339,0.314,0.307,0.01,0.029,0.059,0.176,0.061,0.073,0.465,0.182,0.046,0.201,0.106,0.17,0.131,0.166,0.097,0.102,0.078,0.114,0.125,0.009,0.008,0.534,0.37,Liberal
Oxley,174,QLD,ALP,39473,43.61,51050,56.39,90523,2.62,178110,0.269,0.256,0.215,0.158,0.08,0.021,0.295,0.5,0.186,0.019,1557,350,1750,0.225,0.391,0.354,0.007,0.024,0.03,0.346,0.135,0.278,0.522,0.159,0.031,0.198,0.089,0.104,0.199,0.129,0.117,0.146,0.092,0.087,0.108,0.01,0.008,0.726,0.438,Labor
Page,138,NSW,NP,64295,59.45,43856,40.55,108151,7.15,162962,0.219,0.167,0.172,0.225,0.162,0.055,0.443,0.354,0.189,0.014,998,260,1387,0.407,0.293,0.261,0.008,0.031,0.055,0.09,0.019,0.037,0.405,0.217,0.034,0.262,0.081,0.126,0.172,0.135,0.125,0.122,0.099,0.066,0.139,0.008,0.009,0.557,0.407,Liberal
Parkes,139,NSW,NP,62859,66.91,31093,33.09,93952,1.81,157401,0.246,0.208,0.173,0.196,0.132,0.045,0.408,0.378,0.196,0.018,1143,190,1300,0.357,0.277,0.315,0.012,0.039,0.159,0.055,0.022,0.033,0.481,0.162,0.039,0.217,0.102,0.181,0.149,0.131,0.115,0.11,0.084,0.09,0.12,0.009,0.01,0.504,0.35,Liberal
Parramatta,140,NSW,ALP,39368,46.5,45302,53.5,84670,4.17,199947,0.222,0.315,0.215,0.143,0.078,0.028,0.305,0.529,0.142,0.024,1596,410,2000,0.209,0.272,0.482,0.007,0.03,0.007,0.535,0.269,0.596,0.55,0.137,0.027,0.218,0.068,0.105,0.283,0.114,0.09,0.148,0.086,0.065,0.087,0.013,0.01,0.802,0.517,Labor
Paterson,249,NSW,ALP,48471,44.96,59348,55.04,107819,5.7,161705,0.239,0.211,0.184,0.184,0.14,0.042,0.392,0.409,0.185,0.014,1236,300,1680,0.333,0.339,0.291,0.009,0.029,0.055,0.091,0.022,0.036,0.471,0.192,0.035,0.241,0.061,0.093,0.144,0.176,0.121,0.128,0.104,0.098,0.12,0.009,0.007,0.543,0.417,Labor
Pearce,244,WA,LP,57478,57.52,42445,42.48,99923,3.89,194221,0.27,0.254,0.214,0.157,0.085,0.02,0.354,0.481,0.154,0.011,1658,360,2076,0.196,0.551,0.22,0.012,0.021,0.022,0.356,0.168,0.129,0.514,0.181,0.041,0.185,0.08,0.111,0.14,0.187,0.119,0.14,0.096,0.085,0.106,0.01,0.006,0.642,0.438,Liberal
Perth,245,WA,ALP,39530,45.07,48176,54.93,87706,-1.6,158995,0.166,0.312,0.212,0.17,0.101,0.039,0.456,0.392,0.127,0.024,1700,380,2042,0.261,0.326,0.378,0.011,0.024,0.011,0.378,0.162,0.253,0.569,0.161,0.031,0.153,0.085,0.133,0.302,0.126,0.102,0.131,0.078,0.041,0.072,0.01,0.006,0.773,0.536,Labor
Petrie,175,QLD,LNP,59331,58.4,42266,41.6,101597,6.75,173680,0.242,0.219,0.205,0.168,0.121,0.045,0.373,0.428,0.184,0.016,1387,350,1800,0.267,0.331,0.363,0.015,0.024,0.028,0.253,0.105,0.115,0.523,0.179,0.035,0.207,0.055,0.105,0.181,0.144,0.123,0.157,0.102,0.068,0.104,0.01,0.007,0.732,0.451,Liberal
Rankin,176,QLD,ALP,36971,43.56,47893,56.44,84864,4.86,188419,0.275,0.261,0.204,0.156,0.085,0.018,0.301,0.481,0.2,0.018,1431,340,1720,0.221,0.391,0.357,0.006,0.025,0.028,0.365,0.157,0.29,0.513,0.168,0.032,0.227,0.061,0.089,0.164,0.141,0.109,0.149,0.097,0.107,0.125,0.011,0.009,0.73,0.422,Labor
Reid,144,NSW,LP,49844,53.18,43884,46.82,93728,-1.51,196085,0.175,0.342,0.205,0.154,0.087,0.037,0.382,0.465,0.128,0.026,1898,520,2300,0.272,0.281,0.415,0.005,0.027,0.006,0.497,0.222,0.524,0.598,0.142,0.027,0.154,0.079,0.153,0.317,0.096,0.082,0.142,0.093,0.031,0.063,0.013,0.009,0.842,0.541,Liberal
Richmond,145,NSW,ALP,46069,45.92,54251,54.08,100320,-0.12,159902,0.204,0.163,0.184,0.218,0.166,0.065,0.439,0.363,0.185,0.013,1099,350,1733,0.395,0.277,0.283,0.012,0.033,0.033,0.147,0.032,0.047,0.413,0.242,0.036,0.225,0.085,0.123,0.199,0.149,0.132,0.114,0.107,0.049,0.11,0.009,0.008,0.626,0.444,Labor
Riverina,250,NSW,NP,70136,69.48,30805,30.52,100941,3.04,159291,0.239,0.208,0.173,0.189,0.14,0.051,0.424,0.393,0.168,0.015,1147,220,1300,0.368,0.303,0.285,0.01,0.034,0.061,0.07,0.026,0.042,0.504,0.181,0.036,0.198,0.082,0.168,0.16,0.145,0.114,0.112,0.094,0.069,0.124,0.008,0.007,0.581,0.386,Liberal
Robertson,146,NSW,LP,52100,54.24,43961,45.76,96061,3.1,148175,0.214,0.189,0.188,0.198,0.15,0.06,0.392,0.418,0.177,0.013,1304,355,1900,0.357,0.33,0.267,0.016,0.029,0.028,0.172,0.04,0.071,0.508,0.202,0.035,0.201,0.054,0.123,0.219,0.145,0.119,0.141,0.1,0.046,0.09,0.01,0.007,0.693,0.469,Liberal
Ryan,177,QLD,LNP,54023,56.03,42403,43.97,96426,-2.95,163182,0.219,0.296,0.201,0.154,0.098,0.033,0.368,0.486,0.123,0.023,1952,405,2167,0.312,0.341,0.321,0.008,0.018,0.009,0.286,0.135,0.163,0.641,0.158,0.026,0.129,0.047,0.142,0.369,0.082,0.106,0.135,0.084,0.021,0.049,0.009,0.004,0.894,0.594,Liberal
Scullin,232,VIC,ALP,26022,28.34,65787,71.66,91809,-2.08,170817,0.235,0.274,0.208,0.16,0.094,0.03,0.292,0.528,0.162,0.017,1388,330,1733,0.311,0.407,0.246,0.008,0.028,0.007,0.399,0.152,0.51,0.52,0.171,0.035,0.224,0.051,0.092,0.161,0.147,0.112,0.147,0.113,0.095,0.115,0.01,0.009,0.786,0.411,Labor
Shortland,148,NSW,ALP,45543,45.55,54437,54.45,99980,5.49,148551,0.223,0.194,0.184,0.194,0.151,0.054,0.398,0.41,0.179,0.012,1262,325,1733,0.393,0.346,0.229,0.007,0.025,0.039,0.099,0.019,0.042,0.494,0.208,0.034,0.221,0.043,0.099,0.197,0.16,0.119,0.142,0.105,0.065,0.099,0.008,0.006,0.609,0.453,Labor
Solomon,307,NT,ALP,25844,46.92,29240,53.08,55084,3.01,117481,0.236,0.297,0.224,0.162,0.069,0.011,0.377,0.459,0.147,0.017,2160,420,2167,0.155,0.321,0.485,0.005,0.033,0.085,0.285,0.155,0.234,0.602,0.117,0.042,0.131,0.109,0.125,0.21,0.157,0.126,0.146,0.076,0.054,0.086,0.013,0.007,0.639,0.493,Labor
Spence,325,SA,ALP,36455,35.87,65174,64.13,101629,3.04,177487,0.259,0.256,0.184,0.171,0.096,0.034,0.322,0.416,0.245,0.017,1052,250,1300,0.225,0.394,0.345,0.008,0.028,0.028,0.232,0.072,0.159,0.441,0.184,0.033,0.28,0.061,0.088,0.105,0.151,0.136,0.128,0.106,0.108,0.159,0.011,0.008,0.581,0.331,Labor
Stirling,246,WA,LP,48289,55.65,38490,44.35,86779,-0.47,154409,0.201,0.271,0.205,0.165,0.114,0.044,0.401,0.428,0.148,0.023,1475,350,1986,0.3,0.345,0.322,0.008,0.026,0.012,0.397,0.167,0.312,0.544,0.183,0.032,0.178,0.063,0.117,0.239,0.144,0.108,0.137,0.092,0.053,0.093,0.01,0.006,0.775,0.492,Liberal
Sturt,190,SA,LP,62404,56.87,47328,43.13,109732,1.48,179889,0.202,0.224,0.195,0.18,0.137,0.062,0.388,0.451,0.143,0.018,1366,300,1733,0.363,0.313,0.28,0.022,0.022,0.007,0.315,0.127,0.283,0.563,0.201,0.028,0.17,0.039,0.13,0.31,0.103,0.106,0.14,0.094,0.031,0.072,0.009,0.005,0.853,0.524,Liberal
Swan,247,WA,LP,44333,52.69,39804,47.31,84137,-0.9,170358,0.18,0.334,0.197,0.155,0.095,0.039,0.424,0.399,0.14,0.037,1527,360,2000,0.246,0.31,0.402,0.013,0.029,0.018,0.411,0.216,0.298,0.568,0.153,0.029,0.166,0.084,0.113,0.251,0.14,0.109,0.132,0.084,0.064,0.093,0.01,0.006,0.791,0.501,Liberal
Sydney,149,NSW,ALP,29705,31.33,65110,68.67,94815,-3.36,223820,0.081,0.509,0.209,0.122,0.063,0.017,0.625,0.233,0.101,0.042,1933,571,2500,0.137,0.201,0.622,0.007,0.033,0.012,0.482,0.286,0.368,0.655,0.097,0.023,0.101,0.124,0.168,0.374,0.081,0.104,0.111,0.076,0.015,0.052,0.011,0.007,0.806,0.579,Labor
Tangney,248,WA,LP,51275,61.47,32144,38.53,83419,0.4,140682,0.219,0.213,0.196,0.193,0.127,0.052,0.36,0.497,0.126,0.018,1797,400,2142,0.408,0.344,0.213,0.015,0.019,0.007,0.394,0.146,0.251,0.559,0.199,0.028,0.175,0.039,0.137,0.3,0.115,0.096,0.141,0.091,0.038,0.068,0.01,0.005,0.871,0.543,Liberal
Wannon,233,VIC,LP,62733,60.38,41156,39.62,103889,1.23,153570,0.219,0.184,0.178,0.214,0.153,0.053,0.442,0.397,0.147,0.013,1095,200,1233,0.406,0.321,0.231,0.009,0.032,0.016,0.078,0.022,0.031,0.462,0.215,0.045,0.198,0.081,0.179,0.145,0.136,0.112,0.098,0.092,0.073,0.147,0.008,0.009,0.594,0.388,Liberal
Warringah,151,NSW,LP,48011,52.12,44112,47.88,92123,-8.97,158060,0.219,0.221,0.237,0.174,0.109,0.041,0.389,0.486,0.112,0.013,2384,580,2970,0.318,0.307,0.346,0.007,0.022,0.004,0.328,0.131,0.163,0.617,0.167,0.03,0.125,0.061,0.21,0.347,0.08,0.083,0.125,0.082,0.018,0.036,0.012,0.005,0.856,0.617,Liberal
Watson,251,NSW,ALP,30732,36.48,53518,63.52,84250,4.06,185967,0.234,0.28,0.197,0.161,0.091,0.037,0.27,0.533,0.173,0.024,1281,380,2000,0.281,0.282,0.394,0.007,0.037,0.005,0.493,0.173,0.658,0.503,0.159,0.031,0.246,0.061,0.097,0.199,0.135,0.106,0.138,0.104,0.083,0.114,0.012,0.012,0.818,0.41,Labor
Wentworth,152,NSW,LP,53716,59.85,36038,40.15,89754,-7.9,158854,0.177,0.29,0.228,0.154,0.107,0.043,0.451,0.417,0.112,0.019,2380,610,3000,0.286,0.236,0.442,0.007,0.029,0.004,0.355,0.14,0.182,0.62,0.143,0.028,0.109,0.1,0.208,0.407,0.06,0.079,0.109,0.078,0.012,0.029,0.012,0.006,0.835,0.616,Liberal
Werriwa,153,NSW,ALP,41959,44.53,52270,55.47,94229,2.73,181173,0.273,0.249,0.208,0.169,0.079,0.022,0.219,0.576,0.19,0.014,1572,380,2080,0.248,0.429,0.284,0.007,0.031,0.017,0.415,0.094,0.541,0.512,0.147,0.031,0.25,0.06,0.094,0.161,0.143,0.096,0.161,0.094,0.115,0.112,0.014,0.011,0.757,0.373,Labor
Whitlam,150,NSW,ALP,40130,39.09,62541,60.91,102671,39.09,158340,0.234,0.2,0.184,0.188,0.144,0.049,0.378,0.429,0.181,0.012,1303,330,1800,0.375,0.344,0.245,0.008,0.028,0.034,0.174,0.024,0.103,0.486,0.203,0.035,0.224,0.052,0.103,0.158,0.17,0.126,0.132,0.107,0.082,0.108,0.009,0.007,0.622,0.428,Labor
Wide Bay,178,QLD,LNP,59279,63.15,34593,36.85,93872,4.96,147406,0.213,0.151,0.176,0.227,0.183,0.049,0.48,0.338,0.17,0.011,1009,260,1400,0.392,0.302,0.266,0.01,0.029,0.041,0.142,0.03,0.034,0.385,0.207,0.033,0.292,0.082,0.126,0.154,0.153,0.127,0.118,0.105,0.069,0.13,0.008,0.008,0.634,0.4,Liberal
Wills,234,VIC,ALP,23202,24.15,72888,75.85,96090,-4.18,168833,0.183,0.329,0.218,0.138,0.083,0.048,0.39,0.439,0.142,0.029,1494,355,1950,0.3,0.282,0.384,0.005,0.028,0.005,0.343,0.139,0.385,0.576,0.166,0.031,0.165,0.062,0.121,0.312,0.116,0.103,0.134,0.084,0.042,0.072,0.009,0.007,0.842,0.52,Labor
Wright,316,QLD,LNP,62571,64.58,34322,35.42,96893,4.96,165418,0.256,0.202,0.206,0.192,0.117,0.027,0.386,0.465,0.139,0.01,1482,315,1820,0.297,0.461,0.206,0.006,0.03,0.029,0.168,0.041,0.054,0.5,0.187,0.037,0.198,0.078,0.129,0.141,0.169,0.103,0.139,0.09,0.086,0.128,0.009,0.007,0.7,0.416,Liberal
